1cU_X2pBOrpu7-A98aniV_otjHWc2q5MJ	banners/vitrina-600x300.png
17OClhni-eid9xSR7UjW0tBbig_SMYlws	banners/vitrina-728x90.png
1zNL2UBEsVFs_Mi7vfwubDwabz48NUPDa	banners/vitrina-300x250.png
1B38h94QG0GVlwjVxUKdaw6AalsyB2bJZ	banners/vitrina-320x100.png
1pE39C2q47ug54sefReqs2gGvhVjOGpIF	banners/vitrina-320x50.png
1a6n9U0pj0NNt4F34yEkLX08gnNzNgSG4	banners/variado-600x300.png
1IbESwquVPcg6DHtMs6ne83_n0TRC8FF3	banners/variado-728x90.png
1BdxYG2vmHSZ6maWytRetTT3jm668_nrh	banners/variado-300x250.png
1tLj7iy33Ybf5HX-Fs1VSxX8mhBY1YQ37	banners/variado-320x100.png
1BL85Hhk9R_NY58U0ouXNBASkLKUa7D04	banners/variado-320x50.png
1wSe7xUv0PEhpNJCVi0pmVbzfbCTAgXBt	banners/hn-728x90.png
1tGmBupsSCjYjUzMRFxj9L1PY6iK0IYSY	banners/hn-300x600.png
1mLAHU-4bPHiOX32xqVvZmBtf_5dEXBq8	banners/hn-300x250.png
1p7w2hemsxeAQJ8e7l_SEHCE8xxi4ltLi	banners/hn-320x100.png
1k92nsq0G9Y4bRRNuewslmmvOV4nM_xn3	banners/hn-320x50.png
19Kdk2DFFpu9vIr-bXoPlS9jjfiamL97j	products/aires/L02A00132/main.png
1U8pP6HyMZX_DCN8d4YTTZnXBUBFlJeOr	products/aires/L02A00132/01.png
1emiebfZ6OHT2DFCHHqWvZRnMFbjSh0wi	products/aires/L02A00134/main.png
1rsRjBKD4rzUf6c-PLzSPszqxIeD6wSHo	products/aires/L02A00134/01.png
1JzootbY4top5XQzMafpYK3K697rqTrrX	products/aires/L02A00136/main.png
1Bh4n78FHHLseklcN6NMiiACSTbBHKh6o	products/aires/L02A00136/01.png
1Z7hCOpvm0GOC90MbYfic5k-89K7GtSXb	products/refrigeradores/L02R00411/main.png
1gSQPwevR9pW6T58TOMF4Hs80jejyEOCF	products/refrigeradores/L02R00411/01.png
1TUqsntuTJR8o82H6JPblwVOMMe0j0_OS	products/refrigeradores/L02R00411/02.png
1BwvYNbRsKwPDH7J7y9skGth_Q_y6gZ-_	products/refrigeradores/L02R00411/03.png
11hjugfnjgsQzqTvzGPwzivtOjfOKTmJw	products/congeladores/L02FR00123/main.png
1wu4wTtroCLw8LjaqUAf3gwO0woHkiczN	products/congeladores/L02FR00123/01.png
1tesAN7nGv_0wbp85eoItFBSiGATJ9P94	products/congeladores/L02FR00123/02.png
10j1gYmq_UZLejp8rw1SqtLo5sGta-Ui9	products/congeladores/L02FR00123/03.png
1Z1cy-g2--E_m9FZrsm4fd7Zc1cTLOi0k	products/congeladores/L02FR00314/main.png
1J4KTGqsYCTfXwVWz7hMSNBbi7XbNTak_	products/congeladores/L02FR00314/01.png
19M34nFaFEqmaVmYgHDmYGeQfCDvkHN-2	products/congeladores/L02FR00314/02.png
1c2H36s6YajiczXAcKb3dlu-Jgh2N9i_b	products/congeladores/L02FR00315/main.png
1nCeBchmz-w1g8j-YM2r2lcatAM_4_gMC	products/congeladores/L02FR00315/01.png
1VbhuLkljPiEbc9b5GCQRzQXLQwhDY_xt	products/congeladores/L02FR00315/02.png
1MQ_FodAkZSNFDtnUp--Am9Tc99ZaLakb	products/congeladores/L02FR00316/main.png
1nOP-VP1Flah4i3WxeaQL6ewiASBxibNs	products/congeladores/L02FR00316/01.png
1mfw0YuPI-18RSN23eAfOdotuI2eBiMiu	products/congeladores/L02FR00316/02.png
1izOpQ7jqOc1nqq6UWHgM_WR8Sy_oh5Fy	products/congeladores/L02FR00317/main.png
1CQ2rf7pCa4hKozFVNgQ4j20DA4HRbCbo	products/congeladores/L02FR00317/01.png
1k87tpHN3TdUuZ6oElauLrAP-3haqUoC4	products/congeladores/L02FR00317/02.png
1VuZ-8dbM8Q0vy-FyN5nSm2mqDegN_dos	products/congeladores/L02FR00938/main.png
1TpGoKRZZlLLvjsh1fEBghRlM4uCjL-QX	products/congeladores/L02FR00938/01.png
1U0wYPKe5Ys3kV41jBxn2ISQiamYfPhb4	products/congeladores/L02FR00939/main.png
1mphaBmF9A3q7Whudn1Ry4VgpsYnMPWk6	products/congeladores/L02FR00939/01.png
1xpLrRukUL2hqwNR5pQOSKB5RipM1Vq54	products/estufas/L02E00322/main.png
14lSpv8yLXArrf-IA0OALmsifY-CODywn	products/estufas/L02E00322/01.png
12t2sTECmVVU6G4KPyE24ZeiIuckzfxcA	products/estufas/L02E00322/02.png
1WT9ytaFyCUorRkoDBfO3-QSFNrWeBlDm	products/estufas/L02E00322/03.png
1bfK9-SFd9npuFNtzezKZwanMJ30n5NVW	products/estufas/L02E00322/04.png
1csWRsqKbmmTrzcjrzQ9plG2yztGihYSx	products/estufas/L02E00322/05.png
1Ijm-AE9tT7LlPEQ_tq3swL-n3OOsx-II	products/estufas/L02E00323/main.png
1xVnxamgWHL-Gh9PekT6KloJF0Yx0pizz	products/estufas/L02E00323/01.png
1neUr2Lc5lzbuW_FhH7dyIc4_fm_se4sA	products/estufas/L02E00323/02.png
1xSBLxGRMSdPB5zr58ZwIbggUP2OR3Yuu	products/estufas/L02E00323/03.png
1BhBIYJXgokbnt2ab_IkPhce8cPp1zJhc	products/estufas/L02E00323/04.png
1LVz_MUsyXPJ3jExWxMsQWL8bz9JpchtY	products/estufas/L02E00323/05.png
1gEFWtvjMtqIPxOnTBbyN71g2F9ccNNXX	products/vitrinas/L02FR00102/main.png
16Z1sDrKj19IF3HoTeU0t5_gIalrtKlnB	products/vitrinas/L02FR00102/01.png
133W-PShSaxOVDpFUY3vssvbB3WY5FCZO	products/vitrinas/L02FR00102/02.png
1tgaoJF2Q2F1BWUPJvJvPySu3jhMYz7q6	products/vitrinas/L02FR00102/03.png
1a64o5fh5b5IpiGhNLOnsqF-4oXfKLzz_	products/vitrinas/L02FR00102/04.png
14-ghjrqlZKzogPSwTQyWYx6KfdZPBY5S	products/vitrinas/L02FR00102/05.png
1V6y2mogaaALjQ9EPs5uZJVbr0U5lZo7m	products/vitrinas/L02FR00102/06.png
1j7-hdmMvsVrIJSpf-Ij4gGFHez7UReVx	products/vitrinas/L02FR00102/07.png
1CrChPqi84ZyQjtCUkEeHTSbN-fLk2UAD	products/vitrinas/L02FR00326/main.png
1EvgrKUVYRnmWrv6yaKC5uYF_2Qc8wsf6	products/vitrinas/L02FR00326/01.png
1Afje2BJY-XqLaf68DNYE8zeVy3Y1WKqA	products/vitrinas/L02FR00326/02.png
1Ze2cyyRbjfbGHJhWwto0K8AmMM0n4YwW	products/vitrinas/L02FR00326/03.png
1AP_kJdWM_kF-ACDSGWGKbEfQKRNXUSoA	products/vitrinas/L02FR00326/04.png
1H_RnuhLxxrNLi2ndYzYskwQRH1dLPmZR	products/vitrinas/L02FR00326/05.png
1JRmdy_vldklDgIuCVQTxDaNYIkmBMAJD	products/vitrinas/L02FR00327/main.png
1auZuIYlQC9PjBo6lO0oThm0vyq9VslmJ	products/vitrinas/L02FR00327/01.png
1R5XD7NT-LHLA3vCrP2oCKzldHEuFnrt-	products/vitrinas/L02FR00327/02.png
12Kwhlb7AlFnjTJHf6MAzJnO-ZDZVop1e	products/vitrinas/L02FR00327/03.png
1nyIjJWXrsLyFqMvI4TMznre2rTSgPdsO	products/vitrinas/L02FR00327/04.png
1YFhxWIkhD-ee0RamidAbH0nVUtvoR27l	products/vitrinas/L02FR00327/05.png
1OhfWVvX9ai1xmX0dyjaatQxcyUR1c5yb	products/vitrinas/L02FR00328/main.png
1ZpWo2huG0C_-KJp06zA2gU5i_jiccNBY	products/vitrinas/L02FR00328/01.png
1Pr6joenoU7VXqw3cVZYDj1VM-arLr8JA	products/vitrinas/L02FR00328/02.png
13_x6lw1w6LUW4XvYNm5_nPDSaKBD5jNy	products/vitrinas/L02FR00328/03.png
1ks4CcN3PiMSLa-imZ6aQDREkH5_PReUW	products/vitrinas/L02FR00328/04.png
1QKXD_pUd5gJBRy6RukxaLRs6MxAZfNX7	products/vitrinas/L02FR00328/05.png
1gsiIyKM9h73iyvTb8TTepBgVWxCsQtRQ	products/vitrinas/L02FR00328/06.png
1AojUJ_wbSg7qkp9IuAwHRhc-7kiPzwKN	products/vitrinas/L02FR00329/main.png
19NtaIv9m4CGKkIirr2bmfzjl4hAH6jWa	products/vitrinas/L02FR00329/01.png
1cf1jil7m7gYpW5GLgKl7dtBTQjGevvrU	products/vitrinas/L02FR00329/02.png
1wgnR7NwC4QF24wM52mqpzwGXJv4OoqjP	products/vitrinas/L02FR00329/03.png
10Rrx6oy8wMJDeM_jrU-eioO9BwBRnaZs	products/vitrinas/L02FR00329/04.png
1ECqdCemdAGUdBn5NbD5CtodcfyOf2vYz	products/vitrinas/L02FR00329/05.png
115P4SVEfkvVpf6EwYkfBQhPy42z3vjWW	products/vitrinas/L02FR00934/main.png
1QZi-0n2-uN86za77MqBCHnzSYfX4as_M	products/vitrinas/L02FR00934/01.png
1X61BPBIPIUTBnO8QCIY2wLjJ5WMEOQaw	products/vitrinas/L02FR00934/02.png
1Z60nEY2ivoNEKAS1Fjqnp7AenkyOlnQK	products/vitrinas/L02FR00934/03.jpg
1Q3EEKqIK2iejxhybPUT_Os1l89cMPcqq	products/vitrinas/L02FR00941/main.png
1cppwVX9l-LVKuF6RJpoqidy_hYczp00H	products/vitrinas/L02FR00941/01.png
1eimr3gck_Dz2Q-FoKLN38iSev9BLV2vd	products/vitrinas/L02FR00941/02.png
1vXrvQUqDw17erXRPsPorhtxgo4vPpMe0	products/vitrinas/L02FR00941/03.png
